<p>Last week I released the first version of a <a href="http://www.pauldix.net/2009/01/sax-machine-sax-parsing-made-easy.html">SAX based XML parsing library called SAX-Machine</a>. It uses Nokogiri, which uses libxml, so it's pretty fast. However, I felt that it could be even faster. The only question was how to make a ruby library that is already using c underneath perform better. Since I've never written a Ruby C extension and it's been a few years since I've touched C, I decided it would be a good educational experience to give it a try.</p>

<p>First, let's look into how Nokogiri and SAX-Machine perform a parse. The syntax for SAX-Machine builds up a set of class variables (actually, instance variables on a class object) that describe what you're interested in parsing. So when you see something like this:
</p><script src="http://gist.github.com/50549.js"></script><p>
It calls the 'element' and 'elements' methods inserted by the SAXMachine module that build up ruby objects that describe what XML tags we're interested in for the Entry class. That's all pretty straight forward and not really the source of any slowdown in the parsing process. These calls only happen once, when you first load the class.

</p><p>Things get interesting when you run a parse. So you run Entry.parse(some_xml). That makes the call to Nokogiri, which in turn makes a call to libxml. Libxml then parses over the stream (or string) and makes calls to C methods (in Nokogiri) on certain events. For our purposes, the most interesting are start_element, end_element, and characters_func. The C code in Nokogiri for these is basic. It simply converts those C variables into Ruby ones and then makes calls to whatever instance of Nokogiri::XML:SAX::Document (a Ruby object) is associated with this parse. This is where SAXMachine comes back in. It has handlers for these events that match up the tags with the previously defined SAXMachine objects attached to the Entry class. It ignores the events that don't match a tag (however, it still needs to determine if the tag should be ignored).</p>

<p>The only possible place I saw to speed things up was to push more of SAX event handling down into the C code. Unfortunately, the only way to do this was to abandon Nokogiri and write my own code to interface with libxml. I used the xml_sax_parser.c from Nokogiri as a base and added to it. I changed it so the SAXMachine definitions of what was interesting would be stored in C. I then changed the SAX handling code to capture the events in C and determine if a tag was of interest there before sending it off to the Ruby objects. The end result is that calls are only made to Ruby when there is an actual event of interest. Thus, I avoid doing any comparisons in Ruby and those classes are simply wrappers that call out to the correct value setters.</p>

<p>Here are the results of a quick speed comparison against the Nokogiri SAXMachine, parsing my atom feed using <a href="http://gist.github.com/47938">code from my last post</a>.</p>
<pre>        user   system  total   real<br>sax c    0.060000 0.000000 0.060000 ( 0.069990)<br>sax nokogiri 0.500000 0.010000 0.510000 ( 0.520278)<br></pre><p>
The SAX C is 7.4 times faster than SAX Nokogiri. Now, that doesn't seem like a whole lot, but I think it's quite good considering it was against a library that was already half in C. It's even more punctuated when you look at the comparison of these two against rfeedparser.
</p><pre>        user   system  total    real<br>sax c     0.060000 0.000000 0.060000  ( 0.069990)<br>sax nokogiri 0.500000 0.010000 0.510000  ( 0.520278)<br>rfeedparser 13.770000 1.730000 15.500000 ( 15.690309)<br></pre>
<p>The SAX C version is 224 times faster than rfeedparser! The 7 times multiple from the Nokogiri version of SAXMachine really makes a difference. Unfortunately, I really only wrote this code as a test. It's not even close to something I would use for real. It has memory leaks, isn't thread safe, is completely unreadable, and has hidden bugs that I know about. You can take a look at it in all its misery on the <a href="http://github.com/pauldix/sax-machine/tree/c-refactor">c-rafactor branch of SAXMachine on github</a>. Even though the code is awful, I think it's interesting that there can be this much variability in performance on Ruby libraries that are using C.</p>

<p>I could actually turn this into a legitimate working version, but it would take more work than I think it's worth at this point. Also, I'm not excited about the idea of dealing with C issues in SAXMachine. I would be more excited for it if I could get this type of SAX parsing thing into Nokogiri (in addition to the one that is there now). For now, I'll move on to using the Nokogiri version of SAXMachine to create a feed parsing library.</p><div class="feedflare">
<a href="http://feeds.feedburner.com/~f/PaulDixExplainsNothing?a=9Q8qfQ.P"><img src="http://feeds.feedburner.com/~f/PaulDixExplainsNothing?i=9Q8qfQ.P" border="0"></img></a> <a href="http://feeds.feedburner.com/~f/PaulDixExplainsNothing?a=rLK96Z.p"><img src="http://feeds.feedburner.com/~f/PaulDixExplainsNothing?i=rLK96Z.p" border="0"></img></a> <a href="http://feeds.feedburner.com/~f/PaulDixExplainsNothing?a=B95sFg.p"><img src="http://feeds.feedburner.com/~f/PaulDixExplainsNothing?i=B95sFg.p" border="0"></img></a>
</div><img src="http://feeds.feedburner.com/~r/PaulDixExplainsNothing/~4/519925023" height="1" width="1"/>